observation_date,Year,CIVPART,Yearly Average,,
1948-01-01,1948,58.6,58.84166667,,
1948-02-01,1948,58.9,58.84166667,,
1948-03-01,1948,58.5,58.84166667,,
1948-04-01,1948,59.0,58.84166667,,
1948-05-01,1948,58.3,58.84166667,,
1948-06-01,1948,59.2,58.84166667,,
1948-07-01,1948,59.3,58.84166667,,
1948-08-01,1948,58.9,58.84166667,,
1948-09-01,1948,58.9,58.84166667,,
1948-10-01,1948,58.7,58.84166667,,
1948-11-01,1948,58.7,58.84166667,,
1948-12-01,1948,59.1,58.84166667,,
1949-01-01,1949,58.7,59.03333333,,
1949-02-01,1949,59.0,59.03333333,,
1949-03-01,1949,58.9,59.03333333,,
1949-04-01,1949,58.8,59.03333333,,
1949-05-01,1949,59.0,59.03333333,,
1949-06-01,1949,58.6,59.03333333,,
1949-07-01,1949,58.9,59.03333333,,
1949-08-01,1949,59.2,59.03333333,,
1949-09-01,1949,59.1,59.03333333,,
1949-10-01,1949,59.6,59.03333333,,
1949-11-01,1949,59.4,59.03333333,,
1949-12-01,1949,59.2,59.03333333,,
1950-01-01,1950,58.9,59.16666667,,
1950-02-01,1950,58.9,59.16666667,,
1950-03-01,1950,58.8,59.16666667,,
1950-04-01,1950,59.2,59.16666667,,
1950-05-01,1950,59.1,59.16666667,,
1950-06-01,1950,59.4,59.16666667,,
1950-07-01,1950,59.1,59.16666667,,
1950-08-01,1950,59.5,59.16666667,,
1950-09-01,1950,59.2,59.16666667,,
1950-10-01,1950,59.4,59.16666667,,
1950-11-01,1950,59.3,59.16666667,,
1950-12-01,1950,59.2,59.16666667,,
1951-01-01,1951,59.1,59.28333333,,
1951-02-01,1951,59.1,59.28333333,,
1951-03-01,1951,59.8,59.28333333,,
1951-04-01,1951,59.1,59.28333333,,
1951-05-01,1951,59.4,59.28333333,,
1951-06-01,1951,59.0,59.28333333,,
1951-07-01,1951,59.4,59.28333333,,
1951-08-01,1951,59.2,59.28333333,,
1951-09-01,1951,59.1,59.28333333,,
1951-10-01,1951,59.4,59.28333333,,
1951-11-01,1951,59.2,59.28333333,,
1951-12-01,1951,59.6,59.28333333,,
1952-01-01,1952,59.5,59.05833333,,
1952-02-01,1952,59.5,59.05833333,,
1952-03-01,1952,58.9,59.05833333,,
1952-04-01,1952,58.8,59.05833333,,
1952-05-01,1952,59.1,59.05833333,,
1952-06-01,1952,59.1,59.05833333,,
1952-07-01,1952,58.9,59.05833333,,
1952-08-01,1952,58.7,59.05833333,,
1952-09-01,1952,59.2,59.05833333,,
1952-10-01,1952,58.7,59.05833333,,
1952-11-01,1952,59.1,59.05833333,,
1952-12-01,1952,59.2,59.05833333,,
1953-01-01,1953,59.5,58.88333333,,
1953-02-01,1953,59.5,58.88333333,,
1953-03-01,1953,59.6,58.88333333,,
1953-04-01,1953,59.1,58.88333333,,
1953-05-01,1953,58.6,58.88333333,,
1953-06-01,1953,58.9,58.88333333,,
1953-07-01,1953,58.9,58.88333333,,
1953-08-01,1953,58.6,58.88333333,,
1953-09-01,1953,58.5,58.88333333,,
1953-10-01,1953,58.5,58.88333333,,
1953-11-01,1953,58.6,58.88333333,,
1953-12-01,1953,58.3,58.88333333,,
1954-01-01,1954,58.6,58.78333333,,
1954-02-01,1954,59.3,58.78333333,,
1954-03-01,1954,59.1,58.78333333,,
1954-04-01,1954,59.2,58.78333333,,
1954-05-01,1954,58.9,58.78333333,,
1954-06-01,1954,58.5,58.78333333,,
1954-07-01,1954,58.4,58.78333333,,
1954-08-01,1954,58.7,58.78333333,,
1954-09-01,1954,59.2,58.78333333,,
1954-10-01,1954,58.8,58.78333333,,
1954-11-01,1954,58.6,58.78333333,,
1954-12-01,1954,58.1,58.78333333,,
1955-01-01,1955,58.6,59.225,,
1955-02-01,1955,58.4,59.225,,
1955-03-01,1955,58.5,59.225,,
1955-04-01,1955,59.0,59.225,,
1955-05-01,1955,58.8,59.225,,
1955-06-01,1955,58.8,59.225,,
1955-07-01,1955,59.3,59.225,,
1955-08-01,1955,59.7,59.225,,
1955-09-01,1955,59.7,59.225,,
1955-10-01,1955,59.8,59.225,,
1955-11-01,1955,59.9,59.225,,
1955-12-01,1955,60.2,59.225,,
1956-01-01,1956,60.2,59.96666667,,
1956-02-01,1956,59.9,59.96666667,,
1956-03-01,1956,59.8,59.96666667,,
1956-04-01,1956,59.9,59.96666667,,
1956-05-01,1956,60.2,59.96666667,,
1956-06-01,1956,60.1,59.96666667,,
1956-07-01,1956,60.1,59.96666667,,
1956-08-01,1956,60.0,59.96666667,,
1956-09-01,1956,60.0,59.96666667,,
1956-10-01,1956,59.8,59.96666667,,
1956-11-01,1956,59.8,59.96666667,,
1956-12-01,1956,59.8,59.96666667,,
1957-01-01,1957,59.5,59.625,,
1957-02-01,1957,59.9,59.625,,
1957-03-01,1957,59.8,59.625,,
1957-04-01,1957,59.5,59.625,,
1957-05-01,1957,59.5,59.625,,
1957-06-01,1957,59.8,59.625,,
1957-07-01,1957,60.0,59.625,,
1957-08-01,1957,59.3,59.625,,
1957-09-01,1957,59.6,59.625,,
1957-10-01,1957,59.5,59.625,,
1957-11-01,1957,59.5,59.625,,
1957-12-01,1957,59.6,59.625,,
1958-01-01,1958,59.3,59.49166667,,
1958-02-01,1958,59.3,59.49166667,,
1958-03-01,1958,59.3,59.49166667,,
1958-04-01,1958,59.6,59.49166667,,
1958-05-01,1958,59.8,59.49166667,,
1958-06-01,1958,59.5,59.49166667,,
1958-07-01,1958,59.6,59.49166667,,
1958-08-01,1958,59.8,59.49166667,,
1958-09-01,1958,59.7,59.49166667,,
1958-10-01,1958,59.6,59.49166667,,
1958-11-01,1958,59.2,59.49166667,,
1958-12-01,1958,59.2,59.49166667,,
1959-01-01,1959,59.3,59.275,,
1959-02-01,1959,59.0,59.275,,
1959-03-01,1959,59.3,59.275,,
1959-04-01,1959,59.4,59.275,,
1959-05-01,1959,59.2,59.275,,
1959-06-01,1959,59.2,59.275,,
1959-07-01,1959,59.4,59.275,,
1959-08-01,1959,59.2,59.275,,
1959-09-01,1959,59.3,59.275,,
1959-10-01,1959,59.4,59.275,,
1959-11-01,1959,59.1,59.275,,
1959-12-01,1959,59.5,59.275,,
1960-01-01,1960,59.1,59.41666667,,
1960-02-01,1960,59.1,59.41666667,,
1960-03-01,1960,58.5,59.41666667,,
1960-04-01,1960,59.5,59.41666667,,
1960-05-01,1960,59.5,59.41666667,,
1960-06-01,1960,59.7,59.41666667,,
1960-07-01,1960,59.5,59.41666667,,
1960-08-01,1960,59.5,59.41666667,,
1960-09-01,1960,59.7,59.41666667,,
1960-10-01,1960,59.4,59.41666667,,
1960-11-01,1960,59.8,59.41666667,,
1960-12-01,1960,59.7,59.41666667,,
1961-01-01,1961,59.6,59.325,,
1961-02-01,1961,59.6,59.325,,
1961-03-01,1961,59.7,59.325,,
1961-04-01,1961,59.3,59.325,,
1961-05-01,1961,59.4,59.325,,
1961-06-01,1961,59.7,59.325,,
1961-07-01,1961,59.3,59.325,,
1961-08-01,1961,59.3,59.325,,
1961-09-01,1961,59.0,59.325,,
1961-10-01,1961,59.1,59.325,,
1961-11-01,1961,59.1,59.325,,
1961-12-01,1961,58.8,59.325,,
1962-01-01,1962,58.8,58.76666667,,
1962-02-01,1962,59.0,58.76666667,,
1962-03-01,1962,58.9,58.76666667,,
1962-04-01,1962,58.7,58.76666667,,
1962-05-01,1962,58.9,58.76666667,,
1962-06-01,1962,58.8,58.76666667,,
1962-07-01,1962,58.5,58.76666667,,
1962-08-01,1962,59.0,58.76666667,,
1962-09-01,1962,59.0,58.76666667,,
1962-10-01,1962,58.7,58.76666667,,
1962-11-01,1962,58.5,58.76666667,,
1962-12-01,1962,58.4,58.76666667,,
1963-01-01,1963,58.6,58.65833333,,
1963-02-01,1963,58.6,58.65833333,,
1963-03-01,1963,58.6,58.65833333,,
1963-04-01,1963,58.8,58.65833333,,
1963-05-01,1963,58.8,58.65833333,,
1963-06-01,1963,58.5,58.65833333,,
1963-07-01,1963,58.7,58.65833333,,
1963-08-01,1963,58.5,58.65833333,,
1963-09-01,1963,58.7,58.65833333,,
1963-10-01,1963,58.8,58.65833333,,
1963-11-01,1963,58.8,58.65833333,,
1963-12-01,1963,58.5,58.65833333,,
1964-01-01,1964,58.6,58.71666667,,
1964-02-01,1964,58.8,58.71666667,,
1964-03-01,1964,58.7,58.71666667,,
1964-04-01,1964,59.1,58.71666667,,
1964-05-01,1964,59.1,58.71666667,,
1964-06-01,1964,58.7,58.71666667,,
1964-07-01,1964,58.6,58.71666667,,
1964-08-01,1964,58.6,58.71666667,,
1964-09-01,1964,58.7,58.71666667,,
1964-10-01,1964,58.6,58.71666667,,
1964-11-01,1964,58.5,58.71666667,,
1964-12-01,1964,58.6,58.71666667,,
1965-01-01,1965,58.6,58.83333333,,
1965-02-01,1965,58.7,58.83333333,,
1965-03-01,1965,58.7,58.83333333,,
1965-04-01,1965,58.8,58.83333333,,
1965-05-01,1965,59.0,58.83333333,,
1965-06-01,1965,58.8,58.83333333,,
1965-07-01,1965,59.1,58.83333333,,
1965-08-01,1965,58.9,58.83333333,,
1965-09-01,1965,58.7,58.83333333,,
1965-10-01,1965,58.9,58.83333333,,
1965-11-01,1965,58.8,58.83333333,,
1965-12-01,1965,59.0,58.83333333,,
1966-01-01,1966,59.0,59.15,,
1966-02-01,1966,58.8,59.15,,
1966-03-01,1966,58.8,59.15,,
1966-04-01,1966,59.0,59.15,,
1966-05-01,1966,59.0,59.15,,
1966-06-01,1966,59.1,59.15,,
1966-07-01,1966,59.1,59.15,,
1966-08-01,1966,59.3,59.15,,
1966-09-01,1966,59.3,59.15,,
1966-10-01,1966,59.3,59.15,,
1966-11-01,1966,59.6,59.15,,
1966-12-01,1966,59.5,59.15,,
1967-01-01,1967,59.5,59.56666667,,
1967-02-01,1967,59.3,59.56666667,,
1967-03-01,1967,59.1,59.56666667,,
1967-04-01,1967,59.4,59.56666667,,
1967-05-01,1967,59.3,59.56666667,,
1967-06-01,1967,59.6,59.56666667,,
1967-07-01,1967,59.6,59.56666667,,
1967-08-01,1967,59.7,59.56666667,,
1967-09-01,1967,59.7,59.56666667,,
1967-10-01,1967,59.9,59.56666667,,
1967-11-01,1967,59.8,59.56666667,,
1967-12-01,1967,59.9,59.56666667,,
1968-01-01,1968,59.2,59.625,,
1968-02-01,1968,59.6,59.625,,
1968-03-01,1968,59.6,59.625,,
1968-04-01,1968,59.5,59.625,,
1968-05-01,1968,59.9,59.625,,
1968-06-01,1968,60.0,59.625,,
1968-07-01,1968,59.8,59.625,,
1968-08-01,1968,59.6,59.625,,
1968-09-01,1968,59.5,59.625,,
1968-10-01,1968,59.5,59.625,,
1968-11-01,1968,59.6,59.625,,
1968-12-01,1968,59.7,59.625,,
1969-01-01,1969,59.6,60.075,,
1969-02-01,1969,60.0,60.075,,
1969-03-01,1969,59.9,60.075,,
1969-04-01,1969,60.0,60.075,,
1969-05-01,1969,59.8,60.075,,
1969-06-01,1969,60.1,60.075,,
1969-07-01,1969,60.1,60.075,,
1969-08-01,1969,60.3,60.075,,
1969-09-01,1969,60.3,60.075,,
1969-10-01,1969,60.4,60.075,,
1969-11-01,1969,60.2,60.075,,
1969-12-01,1969,60.2,60.075,,
1970-01-01,1970,60.4,60.38333333,,
1970-02-01,1970,60.4,60.38333333,,
1970-03-01,1970,60.6,60.38333333,,
1970-04-01,1970,60.6,60.38333333,,
1970-05-01,1970,60.3,60.38333333,,
1970-06-01,1970,60.2,60.38333333,,
1970-07-01,1970,60.4,60.38333333,,
1970-08-01,1970,60.3,60.38333333,,
1970-09-01,1970,60.2,60.38333333,,
1970-10-01,1970,60.4,60.38333333,,
1970-11-01,1970,60.4,60.38333333,,
1970-12-01,1970,60.4,60.38333333,,
1971-01-01,1971,60.4,60.15833333,,
1971-02-01,1971,60.1,60.15833333,,
1971-03-01,1971,60.0,60.15833333,,
1971-04-01,1971,60.1,60.15833333,,
1971-05-01,1971,60.2,60.15833333,,
1971-06-01,1971,59.8,60.15833333,,
1971-07-01,1971,60.1,60.15833333,,
1971-08-01,1971,60.2,60.15833333,,
1971-09-01,1971,60.1,60.15833333,,
1971-10-01,1971,60.1,60.15833333,,
1971-11-01,1971,60.4,60.15833333,,
1971-12-01,1971,60.4,60.15833333,,
1972-01-01,1972,60.2,60.38333333,,
1972-02-01,1972,60.2,60.38333333,,
1972-03-01,1972,60.5,60.38333333,,
1972-04-01,1972,60.4,60.38333333,,
1972-05-01,1972,60.4,60.38333333,,
1972-06-01,1972,60.4,60.38333333,,
1972-07-01,1972,60.4,60.38333333,,
1972-08-01,1972,60.6,60.38333333,,
1972-09-01,1972,60.4,60.38333333,,
1972-10-01,1972,60.3,60.38333333,,
1972-11-01,1972,60.3,60.38333333,,
1972-12-01,1972,60.5,60.38333333,,
1973-01-01,1973,60.0,60.775,,
1973-02-01,1973,60.5,60.775,,
1973-03-01,1973,60.8,60.775,,
1973-04-01,1973,60.8,60.775,,
1973-05-01,1973,60.6,60.775,,
1973-06-01,1973,60.9,60.775,,
1973-07-01,1973,60.9,60.775,,
1973-08-01,1973,60.7,60.775,,
1973-09-01,1973,60.8,60.775,,
1973-10-01,1973,60.9,60.775,,
1973-11-01,1973,61.2,60.775,,
1973-12-01,1973,61.2,60.775,,
1974-01-01,1974,61.3,61.275,,
1974-02-01,1974,61.4,61.275,,
1974-03-01,1974,61.3,61.275,,
1974-04-01,1974,61.1,61.275,,
1974-05-01,1974,61.2,61.275,,
1974-06-01,1974,61.2,61.275,,
1974-07-01,1974,61.4,61.275,,
1974-08-01,1974,61.2,61.275,,
1974-09-01,1974,61.4,61.275,,
1974-10-01,1974,61.3,61.275,,
1974-11-01,1974,61.3,61.275,,
1974-12-01,1974,61.2,61.275,,
1975-01-01,1975,61.4,61.23333333,,
1975-02-01,1975,61.0,61.23333333,,
1975-03-01,1975,61.2,61.23333333,,
1975-04-01,1975,61.3,61.23333333,,
1975-05-01,1975,61.5,61.23333333,,
1975-06-01,1975,61.2,61.23333333,,
1975-07-01,1975,61.3,61.23333333,,
1975-08-01,1975,61.3,61.23333333,,
1975-09-01,1975,61.2,61.23333333,,
1975-10-01,1975,61.2,61.23333333,,
1975-11-01,1975,61.1,61.23333333,,
1975-12-01,1975,61.1,61.23333333,,
1976-01-01,1976,61.3,61.58333333,,
1976-02-01,1976,61.3,61.58333333,,
1976-03-01,1976,61.3,61.58333333,,
1976-04-01,1976,61.6,61.58333333,,
1976-05-01,1976,61.5,61.58333333,,
1976-06-01,1976,61.5,61.58333333,,
1976-07-01,1976,61.8,61.58333333,,
1976-08-01,1976,61.8,61.58333333,,
1976-09-01,1976,61.6,61.58333333,,
1976-10-01,1976,61.6,61.58333333,,
1976-11-01,1976,61.9,61.58333333,,
1976-12-01,1976,61.8,61.58333333,,
1977-01-01,1977,61.6,62.23333333,,
1977-02-01,1977,61.9,62.23333333,,
1977-03-01,1977,62.0,62.23333333,,
1977-04-01,1977,62.1,62.23333333,,
1977-05-01,1977,62.2,62.23333333,,
1977-06-01,1977,62.4,62.23333333,,
1977-07-01,1977,62.1,62.23333333,,
1977-08-01,1977,62.3,62.23333333,,
1977-09-01,1977,62.3,62.23333333,,
1977-10-01,1977,62.4,62.23333333,,
1977-11-01,1977,62.8,62.23333333,,
1977-12-01,1977,62.7,62.23333333,,
1978-01-01,1978,62.8,63.15,,
1978-02-01,1978,62.7,63.15,,
1978-03-01,1978,62.8,63.15,,
1978-04-01,1978,63.0,63.15,,
1978-05-01,1978,63.1,63.15,,
1978-06-01,1978,63.3,63.15,,
1978-07-01,1978,63.2,63.15,,
1978-08-01,1978,63.2,63.15,,
1978-09-01,1978,63.3,63.15,,
1978-10-01,1978,63.3,63.15,,
1978-11-01,1978,63.5,63.15,,
1978-12-01,1978,63.6,63.15,,
1979-01-01,1979,63.6,63.65,,
1979-02-01,1979,63.8,63.65,,
1979-03-01,1979,63.8,63.65,,
1979-04-01,1979,63.5,63.65,,
1979-05-01,1979,63.3,63.65,,
1979-06-01,1979,63.5,63.65,,
1979-07-01,1979,63.6,63.65,,
1979-08-01,1979,63.6,63.65,,
1979-09-01,1979,63.8,63.65,,
1979-10-01,1979,63.7,63.65,,
1979-11-01,1979,63.7,63.65,,
1979-12-01,1979,63.9,63.65,,
1980-01-01,1980,64.0,63.775,,
1980-02-01,1980,64.0,63.775,,
1980-03-01,1980,63.7,63.775,,
1980-04-01,1980,63.8,63.775,,
1980-05-01,1980,63.9,63.775,,
1980-06-01,1980,63.7,63.775,,
1980-07-01,1980,63.8,63.775,,
1980-08-01,1980,63.7,63.775,,
1980-09-01,1980,63.6,63.775,,
1980-10-01,1980,63.7,63.775,,
1980-11-01,1980,63.8,63.775,,
1980-12-01,1980,63.6,63.775,,
1981-01-01,1981,63.9,63.875,,
1981-02-01,1981,63.9,63.875,,
1981-03-01,1981,64.1,63.875,,
1981-04-01,1981,64.2,63.875,,
1981-05-01,1981,64.3,63.875,,
1981-06-01,1981,63.7,63.875,,
1981-07-01,1981,63.8,63.875,,
1981-08-01,1981,63.8,63.875,,
1981-09-01,1981,63.5,63.875,,
1981-10-01,1981,63.8,63.875,,
1981-11-01,1981,63.9,63.875,,
1981-12-01,1981,63.6,63.875,,
1982-01-01,1982,63.7,63.99166667,,
1982-02-01,1982,63.8,63.99166667,,
1982-03-01,1982,63.8,63.99166667,,
1982-04-01,1982,63.9,63.99166667,,
1982-05-01,1982,64.2,63.99166667,,
1982-06-01,1982,63.9,63.99166667,,
1982-07-01,1982,64.0,63.99166667,,
1982-08-01,1982,64.1,63.99166667,,
1982-09-01,1982,64.1,63.99166667,,
1982-10-01,1982,64.1,63.99166667,,
1982-11-01,1982,64.2,63.99166667,,
1982-12-01,1982,64.1,63.99166667,,
1983-01-01,1983,63.9,64.00833333,,
1983-02-01,1983,63.8,64.00833333,,
1983-03-01,1983,63.7,64.00833333,,
1983-04-01,1983,63.8,64.00833333,,
1983-05-01,1983,63.7,64.00833333,,
1983-06-01,1983,64.3,64.00833333,,
1983-07-01,1983,64.1,64.00833333,,
1983-08-01,1983,64.3,64.00833333,,
1983-09-01,1983,64.3,64.00833333,,
1983-10-01,1983,64.0,64.00833333,,
1983-11-01,1983,64.1,64.00833333,,
1983-12-01,1983,64.1,64.00833333,,
1984-01-01,1984,63.9,64.36666667,,
1984-02-01,1984,64.1,64.36666667,,
1984-03-01,1984,64.1,64.36666667,,
1984-04-01,1984,64.3,64.36666667,,
1984-05-01,1984,64.5,64.36666667,,
1984-06-01,1984,64.6,64.36666667,,
1984-07-01,1984,64.6,64.36666667,,
1984-08-01,1984,64.4,64.36666667,,
1984-09-01,1984,64.4,64.36666667,,
1984-10-01,1984,64.4,64.36666667,,
1984-11-01,1984,64.5,64.36666667,,
1984-12-01,1984,64.6,64.36666667,,
1985-01-01,1985,64.7,64.80833333,,
1985-02-01,1985,64.7,64.80833333,,
1985-03-01,1985,64.9,64.80833333,,
1985-04-01,1985,64.9,64.80833333,,
1985-05-01,1985,64.8,64.80833333,,
1985-06-01,1985,64.6,64.80833333,,
1985-07-01,1985,64.7,64.80833333,,
1985-08-01,1985,64.6,64.80833333,,
1985-09-01,1985,64.9,64.80833333,,
1985-10-01,1985,65.0,64.80833333,,
1985-11-01,1985,64.9,64.80833333,,
1985-12-01,1985,65.0,64.80833333,,
1986-01-01,1986,64.9,65.24166667,,
1986-02-01,1986,65.0,65.24166667,,
1986-03-01,1986,65.1,65.24166667,,
1986-04-01,1986,65.1,65.24166667,,
1986-05-01,1986,65.2,65.24166667,,
1986-06-01,1986,65.4,65.24166667,,
1986-07-01,1986,65.4,65.24166667,,
1986-08-01,1986,65.3,65.24166667,,
1986-09-01,1986,65.4,65.24166667,,
1986-10-01,1986,65.4,65.24166667,,
1986-11-01,1986,65.4,65.24166667,,
1986-12-01,1986,65.3,65.24166667,,
1987-01-01,1987,65.4,65.575,,
1987-02-01,1987,65.5,65.575,,
1987-03-01,1987,65.5,65.575,,
1987-04-01,1987,65.4,65.575,,
1987-05-01,1987,65.7,65.575,,
1987-06-01,1987,65.5,65.575,,
1987-07-01,1987,65.6,65.575,,
1987-08-01,1987,65.7,65.575,,
1987-09-01,1987,65.5,65.575,,
1987-10-01,1987,65.7,65.575,,
1987-11-01,1987,65.7,65.575,,
1987-12-01,1987,65.7,65.575,,
1988-01-01,1988,65.8,65.90833333,,
1988-02-01,1988,65.9,65.90833333,,
1988-03-01,1988,65.7,65.90833333,,
1988-04-01,1988,65.8,65.90833333,,
1988-05-01,1988,65.7,65.90833333,,
1988-06-01,1988,65.8,65.90833333,,
1988-07-01,1988,65.9,65.90833333,,
1988-08-01,1988,66.1,65.90833333,,
1988-09-01,1988,65.9,65.90833333,,
1988-10-01,1988,66.0,65.90833333,,
1988-11-01,1988,66.2,65.90833333,,
1988-12-01,1988,66.1,65.90833333,,
1989-01-01,1989,66.5,66.44166667,,
1989-02-01,1989,66.3,66.44166667,,
1989-03-01,1989,66.3,66.44166667,,
1989-04-01,1989,66.4,66.44166667,,
1989-05-01,1989,66.3,66.44166667,,
1989-06-01,1989,66.5,66.44166667,,
1989-07-01,1989,66.5,66.44166667,,
1989-08-01,1989,66.5,66.44166667,,
1989-09-01,1989,66.4,66.44166667,,
1989-10-01,1989,66.5,66.44166667,,
1989-11-01,1989,66.6,66.44166667,,
1989-12-01,1989,66.5,66.44166667,,
1990-01-01,1990,66.8,66.53333333,,
1990-02-01,1990,66.7,66.53333333,,
1990-03-01,1990,66.7,66.53333333,,
1990-04-01,1990,66.6,66.53333333,,
1990-05-01,1990,66.6,66.53333333,,
1990-06-01,1990,66.4,66.53333333,,
1990-07-01,1990,66.5,66.53333333,,
1990-08-01,1990,66.5,66.53333333,,
1990-09-01,1990,66.4,66.53333333,,
1990-10-01,1990,66.4,66.53333333,,
1990-11-01,1990,66.4,66.53333333,,
1990-12-01,1990,66.4,66.53333333,,
1991-01-01,1991,66.2,66.16666667,,
1991-02-01,1991,66.2,66.16666667,,
1991-03-01,1991,66.3,66.16666667,,
1991-04-01,1991,66.4,66.16666667,,
1991-05-01,1991,66.2,66.16666667,,
1991-06-01,1991,66.2,66.16666667,,
1991-07-01,1991,66.1,66.16666667,,
1991-08-01,1991,66.0,66.16666667,,
1991-09-01,1991,66.2,66.16666667,,
1991-10-01,1991,66.1,66.16666667,,
1991-11-01,1991,66.1,66.16666667,,
1991-12-01,1991,66.0,66.16666667,,
1992-01-01,1992,66.3,66.44166667,,
1992-02-01,1992,66.2,66.44166667,,
1992-03-01,1992,66.4,66.44166667,,
1992-04-01,1992,66.5,66.44166667,,
1992-05-01,1992,66.6,66.44166667,,
1992-06-01,1992,66.7,66.44166667,,
1992-07-01,1992,66.7,66.44166667,,
1992-08-01,1992,66.6,66.44166667,,
1992-09-01,1992,66.5,66.44166667,,
1992-10-01,1992,66.2,66.44166667,,
1992-11-01,1992,66.3,66.44166667,,
1992-12-01,1992,66.3,66.44166667,,
1993-01-01,1993,66.2,66.3,,
1993-02-01,1993,66.2,66.3,,
1993-03-01,1993,66.2,66.3,,
1993-04-01,1993,66.1,66.3,,
1993-05-01,1993,66.4,66.3,,
1993-06-01,1993,66.5,66.3,,
1993-07-01,1993,66.4,66.3,,
1993-08-01,1993,66.4,66.3,,
1993-09-01,1993,66.2,66.3,,
1993-10-01,1993,66.3,66.3,,
1993-11-01,1993,66.3,66.3,,
1993-12-01,1993,66.4,66.3,,
1994-01-01,1994,66.6,66.575,,
1994-02-01,1994,66.6,66.575,,
1994-03-01,1994,66.5,66.575,,
1994-04-01,1994,66.5,66.575,,
1994-05-01,1994,66.6,66.575,,
1994-06-01,1994,66.4,66.575,,
1994-07-01,1994,66.4,66.575,,
1994-08-01,1994,66.6,66.575,,
1994-09-01,1994,66.6,66.575,,
1994-10-01,1994,66.7,66.575,,
1994-11-01,1994,66.7,66.575,,
1994-12-01,1994,66.7,66.575,,
1995-01-01,1995,66.8,66.625,,
1995-02-01,1995,66.8,66.625,,
1995-03-01,1995,66.7,66.625,,
1995-04-01,1995,66.9,66.625,,
1995-05-01,1995,66.5,66.625,,
1995-06-01,1995,66.5,66.625,,
1995-07-01,1995,66.6,66.625,,
1995-08-01,1995,66.6,66.625,,
1995-09-01,1995,66.6,66.625,,
1995-10-01,1995,66.6,66.625,,
1995-11-01,1995,66.5,66.625,,
1995-12-01,1995,66.4,66.625,,
1996-01-01,1996,66.4,66.76666667,,
1996-02-01,1996,66.6,66.76666667,,
1996-03-01,1996,66.6,66.76666667,,
1996-04-01,1996,66.7,66.76666667,,
1996-05-01,1996,66.7,66.76666667,,
1996-06-01,1996,66.7,66.76666667,,
1996-07-01,1996,66.9,66.76666667,,
1996-08-01,1996,66.7,66.76666667,,
1996-09-01,1996,66.9,66.76666667,,
1996-10-01,1996,67.0,66.76666667,,
1996-11-01,1996,67.0,66.76666667,,
1996-12-01,1996,67.0,66.76666667,,
1997-01-01,1997,67.0,67.10833333,,
1997-02-01,1997,66.9,67.10833333,,
1997-03-01,1997,67.1,67.10833333,,
1997-04-01,1997,67.1,67.10833333,,
1997-05-01,1997,67.1,67.10833333,,
1997-06-01,1997,67.1,67.10833333,,
1997-07-01,1997,67.2,67.10833333,,
1997-08-01,1997,67.2,67.10833333,,
1997-09-01,1997,67.1,67.10833333,,
1997-10-01,1997,67.1,67.10833333,,
1997-11-01,1997,67.2,67.10833333,,
1997-12-01,1997,67.2,67.10833333,,
1998-01-01,1998,67.1,67.08333333,,
1998-02-01,1998,67.1,67.08333333,,
1998-03-01,1998,67.1,67.08333333,,
1998-04-01,1998,67.0,67.08333333,,
1998-05-01,1998,67.0,67.08333333,,
1998-06-01,1998,67.0,67.08333333,,
1998-07-01,1998,67.0,67.08333333,,
1998-08-01,1998,67.0,67.08333333,,
1998-09-01,1998,67.2,67.08333333,,
1998-10-01,1998,67.2,67.08333333,,
1998-11-01,1998,67.1,67.08333333,,
1998-12-01,1998,67.2,67.08333333,,
1999-01-01,1999,67.2,67.08333333,,
1999-02-01,1999,67.2,67.08333333,,
1999-03-01,1999,67.0,67.08333333,,
1999-04-01,1999,67.1,67.08333333,,
1999-05-01,1999,67.1,67.08333333,,
1999-06-01,1999,67.1,67.08333333,,
1999-07-01,1999,67.1,67.08333333,,
1999-08-01,1999,67.0,67.08333333,,
1999-09-01,1999,67.0,67.08333333,,
1999-10-01,1999,67.0,67.08333333,,
1999-11-01,1999,67.1,67.08333333,,
1999-12-01,1999,67.1,67.08333333,,
2000-01-01,2000,67.3,67.06666667,,
2000-02-01,2000,67.3,67.06666667,,
2000-03-01,2000,67.3,67.06666667,,
2000-04-01,2000,67.3,67.06666667,,
2000-05-01,2000,67.1,67.06666667,,
2000-06-01,2000,67.1,67.06666667,,
2000-07-01,2000,66.9,67.06666667,,
2000-08-01,2000,66.9,67.06666667,,
2000-09-01,2000,66.9,67.06666667,,
2000-10-01,2000,66.8,67.06666667,,
2000-11-01,2000,66.9,67.06666667,,
2000-12-01,2000,67.0,67.06666667,,
2001-01-01,2001,67.2,66.83333333,,
2001-02-01,2001,67.1,66.83333333,,
2001-03-01,2001,67.2,66.83333333,,
2001-04-01,2001,66.9,66.83333333,,
2001-05-01,2001,66.7,66.83333333,,
2001-06-01,2001,66.7,66.83333333,,
2001-07-01,2001,66.8,66.83333333,,
2001-08-01,2001,66.5,66.83333333,,
2001-09-01,2001,66.8,66.83333333,,
2001-10-01,2001,66.7,66.83333333,,
2001-11-01,2001,66.7,66.83333333,,
2001-12-01,2001,66.7,66.83333333,,
2002-01-01,2002,66.5,66.58333333,,
2002-02-01,2002,66.8,66.58333333,,
2002-03-01,2002,66.6,66.58333333,,
2002-04-01,2002,66.7,66.58333333,,
2002-05-01,2002,66.7,66.58333333,,
2002-06-01,2002,66.6,66.58333333,,
2002-07-01,2002,66.5,66.58333333,,
2002-08-01,2002,66.6,66.58333333,,
2002-09-01,2002,66.7,66.58333333,,
2002-10-01,2002,66.6,66.58333333,,
2002-11-01,2002,66.4,66.58333333,,
2002-12-01,2002,66.3,66.58333333,,
2003-01-01,2003,66.4,66.24166667,,
2003-02-01,2003,66.4,66.24166667,,
2003-03-01,2003,66.3,66.24166667,,
2003-04-01,2003,66.4,66.24166667,,
2003-05-01,2003,66.4,66.24166667,,
2003-06-01,2003,66.5,66.24166667,,
2003-07-01,2003,66.2,66.24166667,,
2003-08-01,2003,66.1,66.24166667,,
2003-09-01,2003,66.1,66.24166667,,
2003-10-01,2003,66.1,66.24166667,,
2003-11-01,2003,66.1,66.24166667,,
2003-12-01,2003,65.9,66.24166667,,
2004-01-01,2004,66.1,65.98333333,,
2004-02-01,2004,66.0,65.98333333,,
2004-03-01,2004,66.0,65.98333333,,
2004-04-01,2004,65.9,65.98333333,,
2004-05-01,2004,66.0,65.98333333,,
2004-06-01,2004,66.1,65.98333333,,
2004-07-01,2004,66.1,65.98333333,,
2004-08-01,2004,66.0,65.98333333,,
2004-09-01,2004,65.8,65.98333333,,
2004-10-01,2004,65.9,65.98333333,,
2004-11-01,2004,66.0,65.98333333,,
2004-12-01,2004,65.9,65.98333333,,
2005-01-01,2005,65.8,66.03333333,,
2005-02-01,2005,65.9,66.03333333,,
2005-03-01,2005,65.9,66.03333333,,
2005-04-01,2005,66.1,66.03333333,,
2005-05-01,2005,66.1,66.03333333,,
2005-06-01,2005,66.1,66.03333333,,
2005-07-01,2005,66.1,66.03333333,,
2005-08-01,2005,66.2,66.03333333,,
2005-09-01,2005,66.1,66.03333333,,
2005-10-01,2005,66.1,66.03333333,,
2005-11-01,2005,66.0,66.03333333,,
2005-12-01,2005,66.0,66.03333333,,
2006-01-01,2006,66.0,66.16666667,,
2006-02-01,2006,66.1,66.16666667,,
2006-03-01,2006,66.2,66.16666667,,
2006-04-01,2006,66.1,66.16666667,,
2006-05-01,2006,66.1,66.16666667,,
2006-06-01,2006,66.2,66.16666667,,
2006-07-01,2006,66.1,66.16666667,,
2006-08-01,2006,66.2,66.16666667,,
2006-09-01,2006,66.1,66.16666667,,
2006-10-01,2006,66.2,66.16666667,,
2006-11-01,2006,66.3,66.16666667,,
2006-12-01,2006,66.4,66.16666667,,
2007-01-01,2007,66.4,66.03333333,,
2007-02-01,2007,66.3,66.03333333,,
2007-03-01,2007,66.2,66.03333333,,
2007-04-01,2007,65.9,66.03333333,,
2007-05-01,2007,66.0,66.03333333,,
2007-06-01,2007,66.0,66.03333333,,
2007-07-01,2007,66.0,66.03333333,,
2007-08-01,2007,65.8,66.03333333,,
2007-09-01,2007,66.0,66.03333333,,
2007-10-01,2007,65.8,66.03333333,,
2007-11-01,2007,66.0,66.03333333,,
2007-12-01,2007,66.0,66.03333333,,
2008-01-01,2008,66.2,66.025,,
2008-02-01,2008,66.0,66.025,,
2008-03-01,2008,66.1,66.025,,
2008-04-01,2008,65.9,66.025,,
2008-05-01,2008,66.1,66.025,,
2008-06-01,2008,66.1,66.025,,
2008-07-01,2008,66.1,66.025,,
2008-08-01,2008,66.1,66.025,,
2008-09-01,2008,66.0,66.025,,
2008-10-01,2008,66.0,66.025,,
2008-11-01,2008,65.9,66.025,,
2008-12-01,2008,65.8,66.025,,
2009-01-01,2009,65.7,65.4,,
2009-02-01,2009,65.8,65.4,,
2009-03-01,2009,65.6,65.4,,
2009-04-01,2009,65.7,65.4,,
2009-05-01,2009,65.7,65.4,,
2009-06-01,2009,65.7,65.4,,
2009-07-01,2009,65.5,65.4,,
2009-08-01,2009,65.4,65.4,,
2009-09-01,2009,65.1,65.4,,
2009-10-01,2009,65.0,65.4,,
2009-11-01,2009,65.0,65.4,,
2009-12-01,2009,64.6,65.4,,
2010-01-01,2010,64.8,64.70833333,,
2010-02-01,2010,64.9,64.70833333,,
2010-03-01,2010,64.9,64.70833333,,
2010-04-01,2010,65.2,64.70833333,,
2010-05-01,2010,64.9,64.70833333,,
2010-06-01,2010,64.6,64.70833333,,
2010-07-01,2010,64.6,64.70833333,,
2010-08-01,2010,64.7,64.70833333,,
2010-09-01,2010,64.6,64.70833333,,
2010-10-01,2010,64.4,64.70833333,,
2010-11-01,2010,64.6,64.70833333,,
2010-12-01,2010,64.3,64.70833333,,
2011-01-01,2011,64.2,64.10833333,,
2011-02-01,2011,64.1,64.10833333,,
2011-03-01,2011,64.2,64.10833333,,
2011-04-01,2011,64.2,64.10833333,,
2011-05-01,2011,64.1,64.10833333,,
2011-06-01,2011,64.0,64.10833333,,
2011-07-01,2011,64.0,64.10833333,,
2011-08-01,2011,64.1,64.10833333,,
2011-09-01,2011,64.2,64.10833333,,
2011-10-01,2011,64.1,64.10833333,,
2011-11-01,2011,64.1,64.10833333,,
2011-12-01,2011,64.0,64.10833333,,
2012-01-01,2012,63.7,63.7,,
2012-02-01,2012,63.8,63.7,,
2012-03-01,2012,63.8,63.7,,
2012-04-01,2012,63.7,63.7,,
2012-05-01,2012,63.7,63.7,,
2012-06-01,2012,63.8,63.7,,
2012-07-01,2012,63.7,63.7,,
2012-08-01,2012,63.5,63.7,,
2012-09-01,2012,63.6,63.7,,
2012-10-01,2012,63.8,63.7,,
2012-11-01,2012,63.6,63.7,,
2012-12-01,2012,63.7,63.7,,
2013-01-01,2013,63.7,63.25833333,,
2013-02-01,2013,63.4,63.25833333,,
2013-03-01,2013,63.3,63.25833333,,
2013-04-01,2013,63.4,63.25833333,,
2013-05-01,2013,63.4,63.25833333,,
2013-06-01,2013,63.4,63.25833333,,
2013-07-01,2013,63.3,63.25833333,,
2013-08-01,2013,63.3,63.25833333,,
2013-09-01,2013,63.2,63.25833333,,
2013-10-01,2013,62.8,63.25833333,,
2013-11-01,2013,63.0,63.25833333,,
2013-12-01,2013,62.9,63.25833333,,
2014-01-01,2014,62.9,62.88333333,,
2014-02-01,2014,62.9,62.88333333,,
2014-03-01,2014,63.1,62.88333333,,
2014-04-01,2014,62.8,62.88333333,,
2014-05-01,2014,62.9,62.88333333,,
2014-06-01,2014,62.8,62.88333333,,
2014-07-01,2014,62.9,62.88333333,,
2014-08-01,2014,62.9,62.88333333,,
2014-09-01,2014,62.8,62.88333333,,
2014-10-01,2014,62.9,62.88333333,,
2014-11-01,2014,62.9,62.88333333,,
2014-12-01,2014,62.8,62.88333333,,
2015-01-01,2015,62.9,62.65833333,,
2015-02-01,2015,62.7,62.65833333,,
2015-03-01,2015,62.6,62.65833333,,
2015-04-01,2015,62.8,62.65833333,,
2015-05-01,2015,62.9,62.65833333,,
2015-06-01,2015,62.7,62.65833333,,
2015-07-01,2015,62.6,62.65833333,,
2015-08-01,2015,62.6,62.65833333,,
2015-09-01,2015,62.4,62.65833333,,
2015-10-01,2015,62.5,62.65833333,,
2015-11-01,2015,62.5,62.65833333,,
2015-12-01,2015,62.7,62.65833333,,
2016-01-01,2016,62.7,62.8,,
2016-02-01,2016,62.8,62.8,,
2016-03-01,2016,63.0,62.8,,
2016-04-01,2016,62.9,62.8,,
2016-05-01,2016,62.7,62.8,,
2016-06-01,2016,62.7,62.8,,
2016-07-01,2016,62.8,62.8,,
2016-08-01,2016,62.9,62.8,,
2016-09-01,2016,62.9,62.8,,
2016-10-01,2016,62.8,62.8,,
2016-11-01,2016,62.7,62.8,,
2016-12-01,2016,62.7,62.8,,
2017-01-01,2017,62.8,62.85,,
2017-02-01,2017,62.9,62.85,,
2017-03-01,2017,62.9,62.85,,
2017-04-01,2017,63.0,62.85,,
2017-05-01,2017,62.8,62.85,,
2017-06-01,2017,62.8,62.85,,
2017-07-01,2017,62.9,62.85,,
2017-08-01,2017,62.9,62.85,,
2017-09-01,2017,63.1,62.85,,
2017-10-01,2017,62.7,62.85,,
2017-11-01,2017,62.7,62.85,,
2017-12-01,2017,62.7,62.85,,
2018-01-01,2018,62.7,62.88333333,,
2018-02-01,2018,63.0,62.88333333,,
2018-03-01,2018,62.9,62.88333333,,
2018-04-01,2018,62.9,62.88333333,,
2018-05-01,2018,62.9,62.88333333,,
2018-06-01,2018,63.0,62.88333333,,
2018-07-01,2018,63.0,62.88333333,,
2018-08-01,2018,62.6,62.88333333,,
2018-09-01,2018,62.8,62.88333333,,
2018-10-01,2018,62.9,62.88333333,,
2018-11-01,2018,62.9,62.88333333,,
2018-12-01,2018,63.0,62.88333333,,
2019-01-01,2019,63.1,63.10833333,,
2019-02-01,2019,63.1,63.10833333,,
2019-03-01,2019,63.0,63.10833333,,
2019-04-01,2019,62.9,63.10833333,,
2019-05-01,2019,62.9,63.10833333,,
2019-06-01,2019,63.0,63.10833333,,
2019-07-01,2019,63.1,63.10833333,,
2019-08-01,2019,63.1,63.10833333,,
2019-09-01,2019,63.2,63.10833333,,
2019-10-01,2019,63.3,63.10833333,,
2019-11-01,2019,63.3,63.10833333,,
2019-12-01,2019,63.3,63.10833333,,
2020-01-01,2020,63.3,61.74166667,,
2020-02-01,2020,63.3,61.74166667,,
2020-03-01,2020,62.6,61.74166667,,
2020-04-01,2020,60.1,61.74166667,,
2020-05-01,2020,60.8,61.74166667,,
2020-06-01,2020,61.5,61.74166667,,
2020-07-01,2020,61.5,61.74166667,,
2020-08-01,2020,61.7,61.74166667,,
2020-09-01,2020,61.4,61.74166667,,
2020-10-01,2020,61.7,61.74166667,,
2020-11-01,2020,61.5,61.74166667,,
2020-12-01,2020,61.5,61.74166667,,
2021-01-01,2021,61.3,61.65833333,,
2021-02-01,2021,61.4,61.65833333,,
2021-03-01,2021,61.5,61.65833333,,
2021-04-01,2021,61.6,61.65833333,,
2021-05-01,2021,61.5,61.65833333,,
2021-06-01,2021,61.7,61.65833333,,
2021-07-01,2021,61.8,61.65833333,,
2021-08-01,2021,61.7,61.65833333,,
2021-09-01,2021,61.7,61.65833333,,
2021-10-01,2021,61.8,61.65833333,,
2021-11-01,2021,61.9,61.65833333,,
2021-12-01,2021,62.0,61.65833333,,
2022-01-01,2022,62.2,62.24166667,,
2022-02-01,2022,62.2,62.24166667,,
2022-03-01,2022,62.4,62.24166667,,
2022-04-01,2022,62.2,62.24166667,,
2022-05-01,2022,62.3,62.24166667,,
2022-06-01,2022,62.2,62.24166667,,
2022-07-01,2022,62.1,62.24166667,,
2022-08-01,2022,62.3,62.24166667,,
2022-09-01,2022,62.3,62.24166667,,
2022-10-01,2022,62.2,62.24166667,,
2022-11-01,2022,62.2,62.24166667,,
2022-12-01,2022,62.3,62.24166667,,
2023-01-01,2023,62.4,62.4,,
